index,episode,link
1,1,https://t.me/soulkingdom3/1414
1,2,https://m.ok.ru/video/4005210688144
1,3,https://t.me/soulkingdom3/1418
1,4,https://t.me/soulkingdom3/1417
1,5,https://t.me/soulkingdom3/1422
1,6,https://t.me/soulkingdom3/1421
1,7,https://t.me/soulkingdom3/1423
1,8,https://t.me/soulkingdom3/1424
1,9,https://t.me/soulkingdom3/1451
1,10,https://t.me/soulkingdom3/1452
1,11,https://t.me/soulkingdom3/1669
1,12,https://t.me/soulkingdom3/1671
1,13,https://t.me/soulkingdom3/1724
1,14,https://t.me/soulkingdom3/1725
1,15,https://t.me/soulkingdom3/1871
1,16,https://t.me/soulkingdom3/1872
1,17,https://t.me/soulkingdom3/1921
1,18,https://t.me/soulkingdom3/1922
1,19,https://t.me/soulkingdom3/2144
1,20,https://t.me/soulkingdom3/2145
1,21,https://t.me/soulkingdom3/2174
1,22,https://t.me/soulkingdom3/2173
1,23,https://t.me/soulkingdom3/2322
1,24,https://t.me/soulkingdom3/2322
